PrimaryObjective,Epsilon1Name,Epsilon1Value,Epsilon2Name,Epsilon2Value,Status,ReconfCost,Violations,LogisticsLeveling,SolveTimeSec,ProductSequenceFirst10
model1,model2,inf,model3,inf,Success,13,24,78.736842,1.32,"3,3,3,1,1,1,1,0,0,0"
model1,model2,inf,model3,0,Failed: integer infeasible,,,,0.09,
model1,model2,inf,model3,20,Failed: integer infeasible,,,,1.05,
model1,model2,inf,model3,40,Success,19,18,39.964912,0.61,"2,2,1,1,0,0,0,3,3,3"
model1,model2,inf,model3,60,Success,16,22,59.719298,0.42,"2,2,2,3,3,3,0,0,0,0"
model1,model2,inf,model3,80,Success,13,24,65.871345,0.65,"2,2,2,3,3,3,1,1,1,1"
model1,model2,inf,model3,100,Success,13,24,65.871345,0.44,"2,2,2,3,3,3,1,1,1,1"
model1,model2,0,model3,inf,Failed: integer infeasible,,,,0.07,
model1,model2,0,model3,0,Failed: integer infeasible,,,,0.08,
model1,model2,0,model3,20,Failed: integer infeasible,,,,0.12,
model1,model2,0,model3,40,Failed: integer infeasible,,,,0.13,
model1,model2,0,model3,60,Failed: integer infeasible,,,,0.17,
model1,model2,0,model3,80,Failed: integer infeasible,,,,0.12,
model1,model2,0,model3,100,Failed: integer infeasible,,,,0.12,
model1,model2,20,model3,inf,Success,17,19,74.77193,2.12,"1,1,1,1,0,0,0,0,3,3"
model1,model2,20,model3,0,Failed: integer infeasible,,,,0.09,
model1,model2,20,model3,20,Failed: integer infeasible,,,,1.29,
model1,model2,20,model3,40,Success,19,18,39.964912,1.8,"2,2,1,1,0,0,0,3,3,3"
model1,model2,20,model3,60,Success,17,18,53.146199,0.56,"2,2,2,1,1,0,0,0,0,0"
model1,model2,20,model3,80,Success,17,18,53.146199,0.67,"2,2,2,1,1,0,0,0,0,0"
model1,model2,20,model3,100,Success,17,18,53.146199,0.5,"2,2,2,1,1,0,0,0,0,0"
model1,model2,40,model3,inf,Success,13,24,64.228571,1.42,"0,0,0,0,2,2,2,2,3,3"
model1,model2,40,model3,0,Failed: integer infeasible,,,,0.09,
model1,model2,40,model3,20,Failed: integer infeasible,,,,1.37,
model1,model2,40,model3,40,Success,19,18,39.964912,1.74,"2,2,1,1,0,0,0,3,3,3"
model1,model2,40,model3,60,Success,16,22,59.719298,0.58,"2,2,2,3,3,3,0,0,0,0"
model1,model2,40,model3,80,Success,13,24,65.871345,0.57,"2,2,2,3,3,3,1,1,1,1"
model1,model2,40,model3,100,Success,13,24,65.871345,0.55,"2,2,2,3,3,3,1,1,1,1"
model1,model2,60,model3,inf,Success,13,24,64.228571,1.42,"0,0,0,0,2,2,2,2,3,3"
model1,model2,60,model3,0,Failed: integer infeasible,,,,0.09,
model1,model2,60,model3,20,Failed: integer infeasible,,,,1.34,
model1,model2,60,model3,40,Success,19,18,39.964912,1.58,"2,2,1,1,0,0,0,3,3,3"
model1,model2,60,model3,60,Success,16,22,59.719298,0.84,"2,2,2,3,3,3,0,0,0,0"
model1,model2,60,model3,80,Success,13,24,65.871345,0.48,"2,2,2,3,3,3,1,1,1,1"
model1,model2,60,model3,100,Success,13,24,65.871345,0.55,"2,2,2,3,3,3,1,1,1,1"
model1,model2,80,model3,inf,Success,13,24,78.736842,1.43,"3,3,3,1,1,1,1,0,0,0"
model1,model2,80,model3,0,Failed: integer infeasible,,,,0.09,
model1,model2,80,model3,20,Failed: integer infeasible,,,,1.1,
model1,model2,80,model3,40,Success,19,18,39.964912,1.65,"2,2,1,1,0,0,0,3,3,3"
model1,model2,80,model3,60,Success,16,21,59.695906,0.59,"2,2,2,3,3,3,1,1,0,0"
model1,model2,80,model3,80,Success,13,24,65.871345,0.71,"2,2,2,3,3,3,1,1,1,1"
model1,model2,80,model3,100,Success,13,24,65.871345,0.52,"2,2,2,3,3,3,1,1,1,1"
model1,model2,100,model3,inf,Success,13,24,78.736842,1.22,"3,3,3,1,1,1,1,0,0,0"
model1,model2,100,model3,0,Failed: integer infeasible,,,,0.09,
model1,model2,100,model3,20,Failed: integer infeasible,,,,0.96,
model1,model2,100,model3,40,Success,19,18,39.964912,1.91,"2,2,1,1,0,0,0,3,3,3"
model1,model2,100,model3,60,Success,16,21,59.695906,0.67,"2,2,2,3,3,3,1,1,0,0"
model1,model2,100,model3,80,Success,13,24,65.871345,0.6,"2,2,2,3,3,3,1,1,1,1"
model1,model2,100,model3,100,Success,13,24,65.871345,0.47,"2,2,2,3,3,3,1,1,1,1"
model2,model1,inf,model3,inf,Success,48,7,29.668571,0.43,"1,0,3,1,0,0,3,2,2,1"
model2,model1,inf,model3,0,Failed: integer infeasible,,,,0.12,
model2,model1,inf,model3,20,Failed: integer infeasible,,,,0.7,
model2,model1,inf,model3,40,Success,44,7,31.871345,0.22,"3,0,1,2,2,1,3,0,0,1"
model2,model1,inf,model3,60,Success,46,7,31.625731,0.57,"2,3,0,1,2,2,1,0,3,0"
model2,model1,inf,model3,80,Success,46,7,31.625731,1.33,"2,3,0,1,2,2,1,0,3,0"
model2,model1,inf,model3,100,Success,46,7,31.625731,0.53,"2,3,0,1,2,2,1,0,3,0"
model2,model1,0,model3,inf,Failed: integer infeasible,,,,0.07,
model2,model1,0,model3,0,Failed: integer infeasible,,,,0.08,
model2,model1,0,model3,20,Failed: integer infeasible,,,,0.08,
model2,model1,0,model3,40,Failed: integer infeasible,,,,0.08,
model2,model1,0,model3,60,Failed: integer infeasible,,,,0.09,
model2,model1,0,model3,80,Failed: integer infeasible,,,,0.13,
model2,model1,0,model3,100,Failed: integer infeasible,,,,0.09,
model2,model1,20,model3,inf,Success,20,16,43.657143,7.74,"3,3,0,0,1,1,2,2,2,2"
model2,model1,20,model3,0,Failed: integer infeasible,,,,0.09,
model2,model1,20,model3,20,Failed: integer infeasible,,,,0.52,
model2,model1,20,model3,40,Success,19,18,39.964912,12.39,"2,2,1,1,0,0,0,3,3,3"
model2,model1,20,model3,60,Success,20,16,61.181287,8.61,"1,0,0,3,3,3,0,0,0,1"
model2,model1,20,model3,80,Success,20,16,50.818713,2.9,"2,1,0,0,0,3,3,3,0,0"
model2,model1,20,model3,100,Success,20,16,61.181287,2.64,"1,0,0,3,3,3,0,0,0,1"
model2,model1,40,model3,inf,Success,36,7,47.04,4.77,"0,0,3,3,1,0,0,1,2,2"
model2,model1,40,model3,0,Failed: integer infeasible,,,,0.14,
model2,model1,40,model3,20,Failed: integer infeasible,,,,1.4,
model2,model1,40,model3,40,Success,39,7,41.251462,0.45,"1,0,0,3,3,0,1,0,1,2"
model2,model1,40,model3,60,Success,40,7,51.684211,0.66,"3,0,0,3,1,0,0,3,1,2"
model2,model1,40,model3,80,Success,38,7,40.350877,0.62,"2,3,0,0,1,3,3,0,0,1"
model2,model1,40,model3,100,Success,40,7,40.584795,0.5,"1,0,0,3,1,0,0,3,1,2"
model2,model1,60,model3,inf,Success,48,7,29.668571,2.65,"1,0,3,1,0,0,3,2,2,1"
model2,model1,60,model3,0,Failed: integer infeasible,,,,0.09,
model2,model1,60,model3,20,Failed: integer infeasible,,,,1.12,
model2,model1,60,model3,40,Success,44,7,40.035088,0.46,"1,3,1,2,2,3,0,1,0,0"
model2,model1,60,model3,60,Success,47,7,51.684211,0.61,"3,0,0,3,0,1,0,1,3,2"
model2,model1,60,model3,80,Success,47,7,51.684211,0.53,"3,0,0,3,0,1,0,1,3,2"
model2,model1,60,model3,100,Success,45,7,47.684211,0.33,"3,0,0,3,1,0,1,0,3,2"
model2,model1,80,model3,inf,Success,48,7,29.668571,0.96,"1,0,3,1,0,0,3,2,2,1"
model2,model1,80,model3,0,Failed: integer infeasible,,,,0.09,
model2,model1,80,model3,20,Failed: integer infeasible,,,,0.97,
model2,model1,80,model3,40,Success,46,7,40.304094,0.32,"1,0,0,3,1,0,3,0,1,2"
model2,model1,80,model3,60,Success,47,7,51.684211,0.29,"3,0,0,3,0,1,0,1,3,2"
model2,model1,80,model3,80,Success,47,7,51.684211,0.77,"3,0,0,3,0,1,0,1,3,2"
model2,model1,80,model3,100,Success,45,7,47.684211,0.6,"3,0,0,3,1,0,1,0,3,2"
model2,model1,100,model3,inf,Success,48,7,29.668571,1.12,"1,0,3,1,0,0,3,2,2,1"
model2,model1,100,model3,0,Failed: integer infeasible,,,,0.09,
model2,model1,100,model3,20,Failed: integer infeasible,,,,1.04,
model2,model1,100,model3,40,Success,39,7,41.251462,0.77,"1,0,0,3,3,0,1,0,1,2"
model2,model1,100,model3,60,Success,47,7,51.684211,0.34,"3,0,0,3,0,1,0,1,3,2"
model2,model1,100,model3,80,Success,47,7,51.684211,0.43,"3,0,0,3,0,1,0,1,3,2"
model2,model1,100,model3,100,Success,44,7,51.099415,0.53,"1,0,0,3,0,0,1,0,1,2"
model3,model1,inf,model2,inf,Success,67,12,22.51462,0.99,"0,1,3,2,0,1,2,0,3,2"
model3,model1,inf,model2,0,Failed: integer infeasible,,,,0.09,
model3,model1,inf,model2,20,Success,67,12,22.51462,1.11,"0,1,3,2,0,1,2,0,3,2"
model3,model1,inf,model2,40,Success,67,12,22.51462,1.34,"0,1,3,2,0,1,2,0,3,2"
model3,model1,inf,model2,60,Success,67,12,22.51462,1.27,"0,1,3,2,0,1,2,0,3,2"
model3,model1,inf,model2,80,Success,67,12,22.51462,1.41,"0,1,3,2,0,1,2,0,3,2"
model3,model1,inf,model2,100,Success,67,12,22.51462,1.46,"0,1,3,2,0,1,2,0,3,2"
model3,model1,0,model2,inf,Failed: integer infeasible,,,,0.09,
model3,model1,0,model2,0,Failed: integer infeasible,,,,0.09,
model3,model1,0,model2,20,Failed: integer infeasible,,,,0.09,
model3,model1,0,model2,40,Failed: integer infeasible,,,,0.1,
model3,model1,0,model2,60,Failed: integer infeasible,,,,0.09,
model3,model1,0,model2,80,Failed: integer infeasible,,,,0.09,
model3,model1,0,model2,100,Failed: integer infeasible,,,,0.15,
model3,model1,20,model2,inf,Success,19,18,39.964912,1.97,"2,2,1,1,0,0,0,3,3,3"
model3,model1,20,model2,0,Failed: integer infeasible,,,,0.13,
model3,model1,20,model2,20,Success,19,18,39.964912,2.52,"2,2,1,1,0,0,0,3,3,3"
model3,model1,20,model2,40,Success,19,18,39.964912,2.31,"2,2,1,1,0,0,0,3,3,3"
model3,model1,20,model2,60,Success,19,18,39.964912,2.17,"2,2,1,1,0,0,0,3,3,3"
model3,model1,20,model2,80,Success,19,18,39.964912,3.45,"2,2,1,1,0,0,0,3,3,3"
model3,model1,20,model2,100,Success,19,18,39.964912,3.27,"2,2,1,1,0,0,0,3,3,3"
model3,model1,40,model2,inf,Success,40,10,25.80117,11.1,"2,3,1,0,0,1,0,2,2,3"
model3,model1,40,model2,0,Failed: integer infeasible,,,,0.19,
model3,model1,40,model2,20,Success,40,10,25.80117,12.58,"2,3,1,0,0,1,0,2,2,3"
model3,model1,40,model2,40,Success,40,10,25.80117,15.11,"2,3,1,0,0,1,0,2,2,3"
model3,model1,40,model2,60,Success,40,10,25.80117,14.69,"2,3,1,0,0,1,0,2,2,3"
model3,model1,40,model2,80,Success,40,10,25.80117,18.6,"2,3,1,0,0,1,0,2,2,3"
model3,model1,40,model2,100,Success,40,10,25.80117,24.37,"2,3,1,0,0,1,0,2,2,3"
model3,model1,60,model2,inf,Success,60,13,22.608187,2.17,"0,1,2,3,0,1,2,0,3,1"
model3,model1,60,model2,0,Failed: integer infeasible,,,,0.24,
model3,model1,60,model2,20,Success,60,13,22.608187,2.9,"0,1,2,3,0,1,2,0,3,1"
model3,model1,60,model2,40,Success,60,13,22.608187,3.65,"0,1,2,3,0,1,2,0,3,1"
model3,model1,60,model2,60,Success,60,13,22.608187,1.86,"0,1,2,3,0,1,2,0,3,1"
model3,model1,60,model2,80,Success,60,13,22.608187,2.1,"0,1,2,3,0,1,2,0,3,1"
model3,model1,60,model2,100,Success,60,13,22.608187,2.24,"0,1,2,3,0,1,2,0,3,1"
model3,model1,80,model2,inf,Success,67,12,22.51462,1.58,"0,1,3,2,0,1,2,0,3,2"
model3,model1,80,model2,0,Failed: integer infeasible,,,,0.28,
model3,model1,80,model2,20,Success,67,12,22.51462,2.44,"0,1,3,2,0,1,2,0,3,2"
model3,model1,80,model2,40,Success,67,12,22.51462,3.09,"0,1,3,2,0,1,2,0,3,2"
model3,model1,80,model2,60,Success,67,12,22.51462,2.32,"0,1,3,2,0,1,2,0,3,2"
model3,model1,80,model2,80,Success,67,12,22.51462,2.09,"0,1,3,2,0,1,2,0,3,2"
model3,model1,80,model2,100,Success,67,12,22.51462,2.2,"0,1,3,2,0,1,2,0,3,2"
model3,model1,100,model2,inf,Success,67,12,22.51462,1.71,"0,1,3,2,0,1,2,0,3,2"
model3,model1,100,model2,0,Failed: integer infeasible,,,,0.22,
model3,model1,100,model2,20,Success,67,12,22.51462,2.42,"0,1,3,2,0,1,2,0,3,2"
model3,model1,100,model2,40,Success,67,12,22.51462,2.35,"0,1,3,2,0,1,2,0,3,2"
model3,model1,100,model2,60,Success,67,12,22.51462,1.99,"0,1,3,2,0,1,2,0,3,2"
model3,model1,100,model2,80,Success,67,12,22.51462,2,"0,1,3,2,0,1,2,0,3,2"
model3,model1,100,model2,100,Success,67,12,22.51462,2.2,"0,1,3,2,0,1,2,0,3,2"
,,,,,,,,,1.782244898,
,,,,,,,,,261.99,
